[{"timestamp":1744221600000,"temperature_celsius":13.6,"temperature_fahrenheit":56.48,"humidity":57.0,"wind_speed":3.78,"weather_impact":52.26},{"timestamp":1744232400000,"temperature_celsius":11.8,"temperature_fahrenheit":53.24,"humidity":60.0,"wind_speed":2.96,"weather_impact":44.952},{"timestamp":1744243200000,"temperature_celsius":7.81,"temperature_fahrenheit":50.715,"humidity":69.013,"wind_speed":2.75,"weather_impact":39.031},{"timestamp":1744254000000,"temperature_celsius":3.32,"temperature_fahrenheit":37.976,"humidity":82.0,"wind_speed":2.1,"weather_impact":31.422},{"timestamp":1744264800000,"temperature_celsius":2.88,"temperature_fahrenheit":37.184,"humidity":84.0,"wind_speed":1.55,"weather_impact":28.276},{"timestamp":1744275600000,"temperature_celsius":10.34,"temperature_fahrenheit":50.612,"humidity":64.0,"wind_speed":2.42,"weather_impact":40.504},{"timestamp":1744286400000,"temperature_celsius":15.36,"temperature_fahrenheit":59.648,"humidity":47.0,"wind_speed":2.29,"weather_impact":42.933},{"timestamp":1744297200000,"temperature_celsius":17.32,"temperature_fahrenheit":63.176,"humidity":42.0,"wind_speed":2.24,"weather_impact":44.691},{"timestamp":1744308000000,"temperature_celsius":15.75,"temperature_fahrenheit":60.35,"humidity":50.0,"wind_speed":1.79,"weather_impact":42.468},{"timestamp":1744318800000,"temperature_celsius":12.43,"temperature_fahrenheit":50.715,"humidity":67.0,"wind_speed":0.96,"weather_impact":38.499},{"timestamp":1744329600000,"temperature_celsius":10.74,"temperature_fahrenheit":51.332,"humidity":74.0,"wind_speed":1.2,"weather_impact":39.422},{"timestamp":1744340400000,"temperature_celsius":9.57,"temperature_fahrenheit":49.226,"humidity":81.0,"wind_speed":1.43,"weather_impact":41.482},{"timestamp":1744351200000,"temperature_celsius":8.9,"temperature_fahrenheit":48.02,"humidity":78.0,"wind_speed":1.48,"weather_impact":38.752},{"timestamp":1744362000000,"temperature_celsius":13.68,"temperature_fahrenheit":56.624,"humidity":53.0,"wind_speed":1.98,"weather_impact":40.268},{"timestamp":1744372800000,"temperature_celsius":18.44,"temperature_fahrenheit":65.192,"humidity":39.0,"wind_speed":1.33,"weather_impact":40.627},{"timestamp":1744383600000,"temperature_celsius":20.3,"temperature_fahrenheit":68.54,"humidity":34.0,"wind_speed":1.58,"weather_impact":43.856},{"timestamp":1744394400000,"temperature_celsius":18.56,"temperature_fahrenheit":65.408,"humidity":44.0,"wind_speed":2.36,"weather_impact":49.202},{"timestamp":1744405200000,"temperature_celsius":13.98,"temperature_fahrenheit":57.164,"humidity":66.0,"wind_speed":1.81,"weather_impact":46.386},{"timestamp":1744416000000,"temperature_celsius":12.05,"temperature_fahrenheit":53.69,"humidity":79.0,"wind_speed":2.899,"weather_impact":54.524},{"timestamp":1744426800000,"temperature_celsius":10.458,"temperature_fahrenheit":51.206,"humidity":80.0,"wind_speed":1.6,"weather_impact":43.992},{"timestamp":1744437600000,"temperature_celsius":9.94,"temperature_fahrenheit":49.892,"humidity":69.0,"wind_speed":1.63,"weather_impact":37.564},{"timestamp":1744448400000,"temperature_celsius":15.25,"temperature_fahrenheit":59.45,"humidity":50.0,"wind_speed":2.57,"weather_impact":45.744},{"timestamp":1744459200000,"temperature_celsius":19.39,"temperature_fahrenheit":66.902,"humidity":41.0,"wind_speed":3.64,"weather_impact":56.892},{"timestamp":1744470000000,"temperature_celsius":20.2,"temperature_fahrenheit":50.715,"humidity":39.0,"wind_speed":4.45,"weather_impact":62.362},{"timestamp":1744480800000,"temperature_celsius":17.71,"temperature_fahrenheit":63.878,"humidity":54.0,"wind_speed":2.59,"weather_impact":53.473},{"timestamp":1744491600000,"temperature_celsius":15.07,"temperature_fahrenheit":59.126,"humidity":67.0,"wind_speed":1.43,"weather_impact":47.226},{"timestamp":1744502400000,"temperature_celsius":13.59,"temperature_fahrenheit":56.462,"humidity":81.0,"wind_speed":1.97,"weather_impact":53.775},{"timestamp":1744513200000,"temperature_celsius":12.7,"temperature_fahrenheit":54.86,"humidity":69.013,"wind_speed":1.37,"weather_impact":42.434},{"timestamp":1744524000000,"temperature_celsius":11.87,"temperature_fahrenheit":53.366,"humidity":95.0,"wind_speed":2.56,"weather_impact":60.057},{"timestamp":1744534800000,"temperature_celsius":12.13,"temperature_fahrenheit":53.834,"humidity":88.0,"wind_speed":4.37,"weather_impact":67.476},{"timestamp":1744545600000,"temperature_celsius":11.59,"temperature_fahrenheit":52.862,"humidity":88.0,"wind_speed":3.63,"weather_impact":62.039},{"timestamp":1744556400000,"temperature_celsius":14.01,"temperature_fahrenheit":57.218,"humidity":71.0,"wind_speed":2.899,"weather_impact":55.09},{"timestamp":1744567200000,"temperature_celsius":12.1,"temperature_fahrenheit":53.78,"humidity":75.0,"wind_speed":3.68,"weather_impact":57.101},{"timestamp":1744578000000,"temperature_celsius":10.458,"temperature_fahrenheit":49.424,"humidity":82.0,"wind_speed":1.95,"weather_impact":46.961},{"timestamp":1744588800000,"temperature_celsius":8.16,"temperature_fahrenheit":46.688,"humidity":83.0,"wind_speed":1.52,"weather_impact":39.738},{"timestamp":1744599600000,"temperature_celsius":7.14,"temperature_fahrenheit":44.852,"humidity":74.0,"wind_speed":1.37,"weather_impact":32.119},{"timestamp":1744610400000,"temperature_celsius":7.04,"temperature_fahrenheit":44.672,"humidity":70.0,"wind_speed":0.9,"weather_impact":27.257},{"timestamp":1744621200000,"temperature_celsius":10.24,"temperature_fahrenheit":50.715,"humidity":54.0,"wind_speed":1.5,"weather_impact":30.139},{"timestamp":1744632000000,"temperature_celsius":14.22,"temperature_fahrenheit":57.596,"humidity":40.0,"wind_speed":1.79,"weather_impact":34.037},{"timestamp":1744642800000,"temperature_celsius":15.66,"temperature_fahrenheit":60.188,"humidity":37.0,"wind_speed":2.6,"weather_impact":40.462},{"timestamp":1745010000000,"temperature_celsius":13.37,"temperature_fahrenheit":56.066,"humidity":69.0,"wind_speed":3.54,"weather_impact":56.272},{"timestamp":1745010000000,"temperature_celsius":13.05,"temperature_fahrenheit":55.49,"humidity":69.013,"wind_speed":2.899,"weather_impact":51.908},{"timestamp":1745010000000,"temperature_celsius":13.05,"temperature_fahrenheit":55.49,"humidity":69.013,"wind_speed":2.899,"weather_impact":51.908},{"timestamp":1745020800000,"temperature_celsius":14.04,"temperature_fahrenheit":57.272,"humidity":69.013,"wind_speed":2.899,"weather_impact":54.181},{"timestamp":1745020800000,"temperature_celsius":10.98,"temperature_fahrenheit":51.764,"humidity":79.0,"wind_speed":4.25,"weather_impact":59.729},{"timestamp":1745020800000,"temperature_celsius":14.04,"temperature_fahrenheit":57.272,"humidity":69.013,"wind_speed":2.899,"weather_impact":54.181},{"timestamp":1745031600000,"temperature_celsius":16.42,"temperature_fahrenheit":61.556,"humidity":69.013,"wind_speed":2.899,"weather_impact":59.646},{"timestamp":1745031600000,"temperature_celsius":8.87,"temperature_fahrenheit":47.966,"humidity":73.0,"wind_speed":4.81,"weather_impact":55.109},{"timestamp":1745031600000,"temperature_celsius":16.42,"temperature_fahrenheit":61.556,"humidity":69.013,"wind_speed":2.899,"weather_impact":59.646},{"timestamp":1745042400000,"temperature_celsius":10.02,"temperature_fahrenheit":50.036,"humidity":69.0,"wind_speed":4.38,"weather_impact":53.343},{"timestamp":1745042400000,"temperature_celsius":16.94,"temperature_fahrenheit":62.492,"humidity":69.013,"wind_speed":2.899,"weather_impact":60.84},{"timestamp":1745042400000,"temperature_celsius":16.94,"temperature_fahrenheit":62.492,"humidity":69.013,"wind_speed":2.899,"weather_impact":60.84},{"timestamp":1745053200000,"temperature_celsius":13.19,"temperature_fahrenheit":55.742,"humidity":59.0,"wind_speed":5.35,"weather_impact":61.205},{"timestamp":1745053200000,"temperature_celsius":16.79,"temperature_fahrenheit":62.222,"humidity":69.013,"wind_speed":2.899,"weather_impact":60.496},{"timestamp":1745053200000,"temperature_celsius":16.79,"temperature_fahrenheit":62.222,"humidity":69.013,"wind_speed":2.899,"weather_impact":60.496},{"timestamp":1745064000000,"temperature_celsius":14.82,"temperature_fahrenheit":58.676,"humidity":53.0,"wind_speed":6.19,"weather_impact":66.761},{"timestamp":1745064000000,"temperature_celsius":16.64,"temperature_fahrenheit":61.952,"humidity":69.013,"wind_speed":2.899,"weather_impact":60.152},{"timestamp":1745064000000,"temperature_celsius":16.64,"temperature_fahrenheit":61.952,"humidity":69.013,"wind_speed":2.899,"weather_impact":60.152},{"timestamp":1745074800000,"temperature_celsius":13.41,"temperature_fahrenheit":56.138,"humidity":69.013,"wind_speed":2.899,"weather_impact":52.735},{"timestamp":1745074800000,"temperature_celsius":13.41,"temperature_fahrenheit":56.138,"humidity":69.013,"wind_speed":2.899,"weather_impact":52.735},{"timestamp":1745074800000,"temperature_celsius":13.87,"temperature_fahrenheit":56.966,"humidity":49.0,"wind_speed":6.17,"weather_impact":62.499},{"timestamp":1745085600000,"temperature_celsius":11.66,"temperature_fahrenheit":52.988,"humidity":57.0,"wind_speed":4.9,"weather_impact":54.157},{"timestamp":1745085600000,"temperature_celsius":14.68,"temperature_fahrenheit":58.424,"humidity":69.013,"wind_speed":2.899,"weather_impact":55.651},{"timestamp":1745085600000,"temperature_celsius":14.68,"temperature_fahrenheit":58.424,"humidity":69.013,"wind_speed":2.899,"weather_impact":55.651},{"timestamp":1745096400000,"temperature_celsius":8.9,"temperature_fahrenheit":48.02,"humidity":62.0,"wind_speed":4.11,"weather_impact":45.798},{"timestamp":1745096400000,"temperature_celsius":13.31,"temperature_fahrenheit":55.958,"humidity":69.013,"wind_speed":2.899,"weather_impact":52.505},{"timestamp":1745096400000,"temperature_celsius":13.31,"temperature_fahrenheit":55.958,"humidity":69.013,"wind_speed":2.899,"weather_impact":52.505},{"timestamp":1745107200000,"temperature_celsius":7.53,"temperature_fahrenheit":45.554,"humidity":66.0,"wind_speed":3.76,"weather_impact":42.634},{"timestamp":1745107200000,"temperature_celsius":10.36,"temperature_fahrenheit":50.648,"humidity":69.013,"wind_speed":2.899,"weather_impact":45.731},{"timestamp":1745107200000,"temperature_celsius":10.36,"temperature_fahrenheit":50.648,"humidity":69.013,"wind_speed":2.899,"weather_impact":45.731},{"timestamp":1745118000000,"temperature_celsius":7.14,"temperature_fahrenheit":44.852,"humidity":69.013,"wind_speed":2.899,"weather_impact":38.338},{"timestamp":1745118000000,"temperature_celsius":7.14,"temperature_fahrenheit":44.852,"humidity":69.013,"wind_speed":2.899,"weather_impact":38.338},{"timestamp":1745118000000,"temperature_celsius":6.66,"temperature_fahrenheit":43.988,"humidity":74.0,"wind_speed":3.64,"weather_impact":43.891},{"timestamp":1745128800000,"temperature_celsius":7.08,"temperature_fahrenheit":44.744,"humidity":75.0,"wind_speed":3.71,"weather_impact":45.744},{"timestamp":1745128800000,"temperature_celsius":5.73,"temperature_fahrenheit":42.314,"humidity":69.013,"wind_speed":2.899,"weather_impact":35.1},{"timestamp":1745128800000,"temperature_celsius":5.73,"temperature_fahrenheit":42.314,"humidity":69.013,"wind_speed":2.899,"weather_impact":35.1},{"timestamp":1745139600000,"temperature_celsius":3.84,"temperature_fahrenheit":38.912,"humidity":69.013,"wind_speed":2.899,"weather_impact":30.76},{"timestamp":1745139600000,"temperature_celsius":10.3,"temperature_fahrenheit":50.54,"humidity":65.0,"wind_speed":4.14,"weather_impact":50.658},{"timestamp":1745139600000,"temperature_celsius":3.84,"temperature_fahrenheit":38.912,"humidity":69.013,"wind_speed":2.899,"weather_impact":30.76},{"timestamp":1745150400000,"temperature_celsius":3.48,"temperature_fahrenheit":38.264,"humidity":69.013,"wind_speed":2.899,"weather_impact":29.933},{"timestamp":1745150400000,"temperature_celsius":3.48,"temperature_fahrenheit":38.264,"humidity":69.013,"wind_speed":2.899,"weather_impact":29.933},{"timestamp":1745150400000,"temperature_celsius":14.16,"temperature_fahrenheit":57.488,"humidity":56.0,"wind_speed":4.29,"weather_impact":55.946},{"timestamp":1745161200000,"temperature_celsius":12.96,"temperature_fahrenheit":55.328,"humidity":73.0,"wind_speed":2.84,"weather_impact":53.328},{"timestamp":1745161200000,"temperature_celsius":6.51,"temperature_fahrenheit":43.718,"humidity":69.013,"wind_speed":2.899,"weather_impact":36.891},{"timestamp":1745161200000,"temperature_celsius":6.51,"temperature_fahrenheit":43.718,"humidity":69.013,"wind_speed":2.899,"weather_impact":36.891},{"timestamp":1745172000000,"temperature_celsius":12.35,"temperature_fahrenheit":54.23,"humidity":70.0,"wind_speed":2.21,"weather_impact":46.879},{"timestamp":1745172000000,"temperature_celsius":10.16,"temperature_fahrenheit":50.288,"humidity":69.013,"wind_speed":2.899,"weather_impact":45.272},{"timestamp":1745172000000,"temperature_celsius":10.16,"temperature_fahrenheit":50.288,"humidity":69.013,"wind_speed":2.899,"weather_impact":45.272},{"timestamp":1745182800000,"temperature_celsius":11.61,"temperature_fahrenheit":52.898,"humidity":69.013,"wind_speed":2.899,"weather_impact":48.602},{"timestamp":1745182800000,"temperature_celsius":11.61,"temperature_fahrenheit":52.898,"humidity":69.013,"wind_speed":2.899,"weather_impact":48.602},{"timestamp":1745182800000,"temperature_celsius":11.0,"temperature_fahrenheit":51.8,"humidity":77.0,"wind_speed":2.55,"weather_impact":49.15},{"timestamp":1745193600000,"temperature_celsius":9.75,"temperature_fahrenheit":49.55,"humidity":69.013,"wind_speed":2.899,"weather_impact":44.331},{"timestamp":1745193600000,"temperature_celsius":9.75,"temperature_fahrenheit":49.55,"humidity":69.013,"wind_speed":2.899,"weather_impact":44.331},{"timestamp":1745193600000,"temperature_celsius":9.23,"temperature_fahrenheit":48.614,"humidity":86.0,"wind_speed":1.7,"weather_impact":44.692},{"timestamp":1745204400000,"temperature_celsius":8.14,"temperature_fahrenheit":46.652,"humidity":69.013,"wind_speed":2.899,"weather_impact":40.634},{"timestamp":1745204400000,"temperature_celsius":8.14,"temperature_fahrenheit":46.652,"humidity":69.013,"wind_speed":2.899,"weather_impact":40.634},{"timestamp":1745204400000,"temperature_celsius":8.36,"temperature_fahrenheit":47.048,"humidity":88.0,"wind_speed":1.53,"weather_impact":42.713},{"timestamp":1745215200000,"temperature_celsius":7.29,"temperature_fahrenheit":45.122,"humidity":69.013,"wind_speed":2.899,"weather_impact":38.682},{"timestamp":1745215200000,"temperature_celsius":7.29,"temperature_fahrenheit":45.122,"humidity":69.013,"wind_speed":2.899,"weather_impact":38.682},{"timestamp":1745215200000,"temperature_celsius":9.72,"temperature_fahrenheit":49.496,"humidity":88.0,"wind_speed":1.77,"weather_impact":47.197},{"timestamp":1745226000000,"temperature_celsius":6.01,"temperature_fahrenheit":42.818,"humidity":69.013,"wind_speed":2.899,"weather_impact":35.743},{"timestamp":1745226000000,"temperature_celsius":6.01,"temperature_fahrenheit":42.818,"humidity":69.013,"wind_speed":2.899,"weather_impact":35.743},{"timestamp":1745226000000,"temperature_celsius":12.28,"temperature_fahrenheit":54.104,"humidity":74.0,"wind_speed":1.41,"weather_impact":44.149},{"timestamp":1745236800000,"temperature_celsius":5.92,"temperature_fahrenheit":42.656,"humidity":69.013,"wind_speed":2.899,"weather_impact":35.536},{"timestamp":1745236800000,"temperature_celsius":11.59,"temperature_fahrenheit":52.862,"humidity":86.0,"wind_speed":1.67,"weather_impact":49.941},{"timestamp":1745236800000,"temperature_celsius":5.92,"temperature_fahrenheit":42.656,"humidity":69.013,"wind_speed":2.899,"weather_impact":35.536},{"timestamp":1745247600000,"temperature_celsius":4.95,"temperature_fahrenheit":40.91,"humidity":69.013,"wind_speed":2.899,"weather_impact":33.309},{"timestamp":1745247600000,"temperature_celsius":4.95,"temperature_fahrenheit":40.91,"humidity":69.013,"wind_speed":2.899,"weather_impact":33.309},{"timestamp":1745247600000,"temperature_celsius":12.88,"temperature_fahrenheit":55.184,"humidity":78.0,"wind_speed":3.38,"weather_impact":58.666},{"timestamp":1745258400000,"temperature_celsius":5.87,"temperature_fahrenheit":42.566,"humidity":69.013,"wind_speed":2.899,"weather_impact":35.421},{"timestamp":1745258400000,"temperature_celsius":5.87,"temperature_fahrenheit":42.566,"humidity":69.013,"wind_speed":2.899,"weather_impact":35.421},{"timestamp":1745258400000,"temperature_celsius":12.02,"temperature_fahrenheit":53.636,"humidity":83.0,"wind_speed":3.23,"weather_impact":58.299},{"timestamp":1745269200000,"temperature_celsius":6.4,"temperature_fahrenheit":43.52,"humidity":69.013,"wind_speed":2.899,"weather_impact":36.638},{"timestamp":1745269200000,"temperature_celsius":10.18,"temperature_fahrenheit":50.324,"humidity":88.0,"wind_speed":2.92,"weather_impact":54.775},{"timestamp":1745269200000,"temperature_celsius":6.4,"temperature_fahrenheit":43.52,"humidity":69.013,"wind_speed":2.899,"weather_impact":36.638},{"timestamp":1745280000000,"temperature_celsius":8.22,"temperature_fahrenheit":46.796,"humidity":93.0,"wind_speed":2.85,"weather_impact":52.337},{"timestamp":1745280000000,"temperature_celsius":7.23,"temperature_fahrenheit":45.014,"humidity":69.013,"wind_speed":2.899,"weather_impact":38.544},{"timestamp":1745280000000,"temperature_celsius":7.23,"temperature_fahrenheit":45.014,"humidity":69.013,"wind_speed":2.899,"weather_impact":38.544},{"timestamp":1745290800000,"temperature_celsius":10.99,"temperature_fahrenheit":51.782,"humidity":69.013,"wind_speed":2.899,"weather_impact":47.178},{"timestamp":1745290800000,"temperature_celsius":7.83,"temperature_fahrenheit":46.094,"humidity":85.0,"wind_speed":2.53,"weather_impact":45.692},{"timestamp":1745290800000,"temperature_celsius":10.99,"temperature_fahrenheit":51.782,"humidity":69.013,"wind_speed":2.899,"weather_impact":47.178},{"timestamp":1745301600000,"temperature_celsius":7.75,"temperature_fahrenheit":45.95,"humidity":87.0,"wind_speed":2.16,"weather_impact":44.394},{"timestamp":1745301600000,"temperature_celsius":9.52,"temperature_fahrenheit":49.136,"humidity":69.013,"wind_speed":2.899,"weather_impact":43.803},{"timestamp":1745301600000,"temperature_celsius":9.52,"temperature_fahrenheit":49.136,"humidity":69.013,"wind_speed":2.899,"weather_impact":43.803},{"timestamp":1745312400000,"temperature_celsius":7.18,"temperature_fahrenheit":44.924,"humidity":69.013,"wind_speed":2.899,"weather_impact":38.429},{"timestamp":1745312400000,"temperature_celsius":11.42,"temperature_fahrenheit":52.556,"humidity":64.0,"wind_speed":3.17,"weather_impact":47.237},{"timestamp":1745312400000,"temperature_celsius":7.18,"temperature_fahrenheit":44.924,"humidity":69.013,"wind_speed":2.899,"weather_impact":38.429},{"timestamp":1745323200000,"temperature_celsius":15.08,"temperature_fahrenheit":59.144,"humidity":41.0,"wind_speed":3.23,"weather_impact":44.67},{"timestamp":1745323200000,"temperature_celsius":6.64,"temperature_fahrenheit":43.952,"humidity":69.013,"wind_speed":2.899,"weather_impact":37.19},{"timestamp":1745323200000,"temperature_celsius":6.64,"temperature_fahrenheit":43.952,"humidity":69.013,"wind_speed":2.899,"weather_impact":37.19},{"timestamp":1745334000000,"temperature_celsius":7.36,"temperature_fahrenheit":45.248,"humidity":69.013,"wind_speed":2.899,"weather_impact":38.843},{"timestamp":1745334000000,"temperature_celsius":7.36,"temperature_fahrenheit":45.248,"humidity":69.013,"wind_speed":2.899,"weather_impact":38.843},{"timestamp":1745334000000,"temperature_celsius":15.21,"temperature_fahrenheit":59.378,"humidity":49.0,"wind_speed":4.52,"weather_impact":56.219},{"timestamp":1745344800000,"temperature_celsius":8.54,"temperature_fahrenheit":47.372,"humidity":69.013,"wind_speed":2.899,"weather_impact":41.552},{"timestamp":1745344800000,"temperature_celsius":8.54,"temperature_fahrenheit":47.372,"humidity":69.013,"wind_speed":2.899,"weather_impact":41.552},{"timestamp":1745344800000,"temperature_celsius":13.36,"temperature_fahrenheit":56.048,"humidity":56.0,"wind_speed":4.18,"weather_impact":53.485},{"timestamp":1745355600000,"temperature_celsius":10.72,"temperature_fahrenheit":51.296,"humidity":69.013,"wind_speed":2.899,"weather_impact":46.558},{"timestamp":1745355600000,"temperature_celsius":10.72,"temperature_fahrenheit":51.296,"humidity":69.013,"wind_speed":2.899,"weather_impact":46.558},{"timestamp":1745355600000,"temperature_celsius":10.05,"temperature_fahrenheit":50.09,"humidity":73.0,"wind_speed":2.74,"weather_impact":46.079},{"timestamp":1745366400000,"temperature_celsius":8.61,"temperature_fahrenheit":47.498,"humidity":69.013,"wind_speed":2.899,"weather_impact":41.713},{"timestamp":1745366400000,"temperature_celsius":8.61,"temperature_fahrenheit":47.498,"humidity":69.013,"wind_speed":2.899,"weather_impact":41.713},{"timestamp":1745366400000,"temperature_celsius":9.42,"temperature_fahrenheit":48.956,"humidity":72.0,"wind_speed":3.61,"weather_impact":49.074},{"timestamp":1745377200000,"temperature_celsius":6.45,"temperature_fahrenheit":43.61,"humidity":69.013,"wind_speed":2.899,"weather_impact":36.753},{"timestamp":1745377200000,"temperature_celsius":9.23,"temperature_fahrenheit":48.614,"humidity":84.0,"wind_speed":3.79,"weather_impact":55.561},{"timestamp":1745377200000,"temperature_celsius":6.45,"temperature_fahrenheit":43.61,"humidity":69.013,"wind_speed":2.899,"weather_impact":36.753},{"timestamp":1745388000000,"temperature_celsius":9.8,"temperature_fahrenheit":49.64,"humidity":82.0,"wind_speed":4.31,"weather_impact":58.835},{"timestamp":1745388000000,"temperature_celsius":6.26,"temperature_fahrenheit":43.268,"humidity":69.013,"wind_speed":2.899,"weather_impact":36.317},{"timestamp":1745388000000,"temperature_celsius":6.26,"temperature_fahrenheit":43.268,"humidity":69.013,"wind_speed":2.899,"weather_impact":36.317},{"timestamp":1745398800000,"temperature_celsius":5.84,"temperature_fahrenheit":42.512,"humidity":69.013,"wind_speed":2.899,"weather_impact":35.353},{"timestamp":1745398800000,"temperature_celsius":5.84,"temperature_fahrenheit":42.512,"humidity":69.013,"wind_speed":2.899,"weather_impact":35.353},{"timestamp":1745398800000,"temperature_celsius":9.31,"temperature_fahrenheit":48.758,"humidity":89.0,"wind_speed":4.2,"weather_impact":60.528},{"timestamp":1745409600000,"temperature_celsius":5.52,"temperature_fahrenheit":41.936,"humidity":69.013,"wind_speed":2.899,"weather_impact":34.618},{"timestamp":1745409600000,"temperature_celsius":9.27,"temperature_fahrenheit":48.686,"humidity":95.0,"wind_speed":3.71,"weather_impact":60.609},{"timestamp":1745409600000,"temperature_celsius":5.52,"temperature_fahrenheit":41.936,"humidity":69.013,"wind_speed":2.899,"weather_impact":34.618},{"timestamp":1745420400000,"temperature_celsius":7.14,"temperature_fahrenheit":44.852,"humidity":69.013,"wind_speed":2.899,"weather_impact":38.338},{"timestamp":1745420400000,"temperature_celsius":10.14,"temperature_fahrenheit":50.252,"humidity":89.0,"wind_speed":4.82,"weather_impact":65.95},{"timestamp":1745420400000,"temperature_celsius":7.14,"temperature_fahrenheit":44.852,"humidity":69.013,"wind_speed":2.899,"weather_impact":38.338},{"timestamp":1745431200000,"temperature_celsius":12.34,"temperature_fahrenheit":54.212,"humidity":69.013,"wind_speed":2.899,"weather_impact":50.278},{"timestamp":1745431200000,"temperature_celsius":9.83,"temperature_fahrenheit":49.694,"humidity":88.0,"wind_speed":4.72,"weather_impact":64.18},{"timestamp":1745431200000,"temperature_celsius":12.34,"temperature_fahrenheit":54.212,"humidity":69.013,"wind_speed":2.899,"weather_impact":50.278}]