[
    {
        "timestamp": "2025-04-18 21:00:00",
        "temperature_celsius": 13.05,
        "temperature_fahrenheit": 55.49
    },
    {
        "timestamp": "2025-04-19 00:00:00",
        "temperature_celsius": 14.04,
        "temperature_fahrenheit": 57.272
    },
    {
        "timestamp": "2025-04-19 03:00:00",
        "temperature_celsius": 16.42,
        "temperature_fahrenheit": 61.556000000000004
    },
    {
        "timestamp": "2025-04-19 06:00:00",
        "temperature_celsius": 16.94,
        "temperature_fahrenheit": 62.492000000000004
    },
    {
        "timestamp": "2025-04-19 09:00:00",
        "temperature_celsius": 16.79,
        "temperature_fahrenheit": 62.221999999999994
    },
    {
        "timestamp": "2025-04-19 12:00:00",
        "temperature_celsius": 16.64,
        "temperature_fahrenheit": 61.952
    },
    {
        "timestamp": "2025-04-19 15:00:00",
        "temperature_celsius": 13.41,
        "temperature_fahrenheit": 56.138
    },
    {
        "timestamp": "2025-04-19 18:00:00",
        "temperature_celsius": 14.68,
        "temperature_fahrenheit": 58.424
    },
    {
        "timestamp": "2025-04-19 21:00:00",
        "temperature_celsius": 13.31,
        "temperature_fahrenheit": 55.958
    },
    {
        "timestamp": "2025-04-20 00:00:00",
        "temperature_celsius": 10.36,
        "temperature_fahrenheit": 50.647999999999996
    },
    {
        "timestamp": "2025-04-20 03:00:00",
        "temperature_celsius": 7.14,
        "temperature_fahrenheit": 44.852
    },
    {
        "timestamp": "2025-04-20 06:00:00",
        "temperature_celsius": 5.73,
        "temperature_fahrenheit": 42.314
    },
    {
        "timestamp": "2025-04-20 09:00:00",
        "temperature_celsius": 3.84,
        "temperature_fahrenheit": 38.912
    },
    {
        "timestamp": "2025-04-20 12:00:00",
        "temperature_celsius": 3.48,
        "temperature_fahrenheit": 38.264
    },
    {
        "timestamp": "2025-04-20 15:00:00",
        "temperature_celsius": 6.51,
        "temperature_fahrenheit": 43.718
    },
    {
        "timestamp": "2025-04-20 18:00:00",
        "temperature_celsius": 10.16,
        "temperature_fahrenheit": 50.288
    },
    {
        "timestamp": "2025-04-20 21:00:00",
        "temperature_celsius": 11.61,
        "temperature_fahrenheit": 52.897999999999996
    },
    {
        "timestamp": "2025-04-21 00:00:00",
        "temperature_celsius": 9.75,
        "temperature_fahrenheit": 49.55
    },
    {
        "timestamp": "2025-04-21 03:00:00",
        "temperature_celsius": 8.14,
        "temperature_fahrenheit": 46.652
    },
    {
        "timestamp": "2025-04-21 06:00:00",
        "temperature_celsius": 7.29,
        "temperature_fahrenheit": 45.122
    },
    {
        "timestamp": "2025-04-21 09:00:00",
        "temperature_celsius": 6.01,
        "temperature_fahrenheit": 42.818
    },
    {
        "timestamp": "2025-04-21 12:00:00",
        "temperature_celsius": 5.92,
        "temperature_fahrenheit": 42.656
    },
    {
        "timestamp": "2025-04-21 15:00:00",
        "temperature_celsius": 4.95,
        "temperature_fahrenheit": 40.91
    },
    {
        "timestamp": "2025-04-21 18:00:00",
        "temperature_celsius": 5.87,
        "temperature_fahrenheit": 42.566
    },
    {
        "timestamp": "2025-04-21 21:00:00",
        "temperature_celsius": 6.4,
        "temperature_fahrenheit": 43.519999999999996
    },
    {
        "timestamp": "2025-04-22 00:00:00",
        "temperature_celsius": 7.23,
        "temperature_fahrenheit": 45.014
    },
    {
        "timestamp": "2025-04-22 03:00:00",
        "temperature_celsius": 10.99,
        "temperature_fahrenheit": 51.782
    },
    {
        "timestamp": "2025-04-22 06:00:00",
        "temperature_celsius": 9.52,
        "temperature_fahrenheit": 49.135999999999996
    },
    {
        "timestamp": "2025-04-22 09:00:00",
        "temperature_celsius": 7.18,
        "temperature_fahrenheit": 44.924
    },
    {
        "timestamp": "2025-04-22 12:00:00",
        "temperature_celsius": 6.64,
        "temperature_fahrenheit": 43.952
    },
    {
        "timestamp": "2025-04-22 15:00:00",
        "temperature_celsius": 7.36,
        "temperature_fahrenheit": 45.248000000000005
    },
    {
        "timestamp": "2025-04-22 18:00:00",
        "temperature_celsius": 8.54,
        "temperature_fahrenheit": 47.372
    },
    {
        "timestamp": "2025-04-22 21:00:00",
        "temperature_celsius": 10.72,
        "temperature_fahrenheit": 51.296
    },
    {
        "timestamp": "2025-04-23 00:00:00",
        "temperature_celsius": 8.61,
        "temperature_fahrenheit": 47.498
    },
    {
        "timestamp": "2025-04-23 03:00:00",
        "temperature_celsius": 6.45,
        "temperature_fahrenheit": 43.61
    },
    {
        "timestamp": "2025-04-23 06:00:00",
        "temperature_celsius": 6.26,
        "temperature_fahrenheit": 43.268
    },
    {
        "timestamp": "2025-04-23 09:00:00",
        "temperature_celsius": 5.84,
        "temperature_fahrenheit": 42.512
    },
    {
        "timestamp": "2025-04-23 12:00:00",
        "temperature_celsius": 5.52,
        "temperature_fahrenheit": 41.936
    },
    {
        "timestamp": "2025-04-23 15:00:00",
        "temperature_celsius": 7.14,
        "temperature_fahrenheit": 44.852
    },
    {
        "timestamp": "2025-04-23 18:00:00",
        "temperature_celsius": 12.34,
        "temperature_fahrenheit": 54.212
    }
]